Voltage_measured,Current_measured,Temperature_measured,Current_load,Voltage_load,Time
4.201871725413588,0.00036901399687716557,5.025619206039836,0.0006,0.0,0.0
4.201648205611235,-0.002608992561786224,5.095662406353693,0.0004,4.218,9.343000000000004
3.5035193681742474,-3.978417528616236,5.199807711255896,3.997,1.361,22.406
3.3855034858801365,-3.97727121282601,5.523098990620386,3.997,1.288,34.718
3.1811974708703894,-3.9747584046649846,5.940551257865259,3.997,1.113,47.015
2.856807019191524,-3.9759797910283226,6.466086808323905,3.997,0.812,59.359
2.5163279591045904,-3.9736802720406654,7.1639115218203075,3.997,0.466,71.781
2.227174478989743,-3.9763534065940527,8.022497168298399,3.997,0.163,84.328
3.9035705684571935,-0.005279866232453955,8.849096539219643,0.0006,0.0,97.015
