Voltage_measured,Current_measured,Temperature_measured,Current_load,Voltage_load,Time
4.201927103230439,-0.0018888940994361344,3.460982747603697,0.0006,0.0,0.0
4.201767156531909,0.00015926819003148751,3.3754160017304455,0.0004,4.217,9.422000000000002
3.4950052414452077,-3.9760673546558283,3.4020149634565318,3.997,1.366,22.438000000000002
3.3749036639226975,-3.9764572560922056,3.9579815014036286,3.997,1.285,34.641000000000005
3.1660566807299495,-3.9744494376560144,4.5327421215579315,3.997,1.122,46.875
2.8284605491161563,-3.976527780195651,5.160805837716618,3.997,0.809,59.141
2.4643253089090313,-3.9741852725576026,5.948171234111326,3.997,0.438,71.531
3.92151444709441,-0.006105343244411758,6.726202024259226,0.0006,0.0,84.172
4.000254033936515,-0.0033514886186305757,7.155555764844436,0.0006,0.0,96.906
