Voltage_measured,Current_measured,Temperature_measured,Current_load,Voltage_load,Time
4.199324238157774,0.0013875928608605053,4.4438076049213855,0.0006,0.0,0.0
4.1991269605996155,0.0008565280628176709,4.4886417823904585,0.0004,4.215,9.328
3.490259412394682,-3.976784600681961,4.603649624371497,3.997,1.368,22.312
3.3727645939667745,-3.9742574610823884,4.930816998473078,3.997,1.287,34.562
3.172072876035645,-3.973038531374355,5.372467529217104,3.997,1.111,46.765
2.8529384505395194,-3.9745170812151853,5.947937281027079,3.997,0.811,58.968
2.5114616597200836,-3.9749108048485313,6.604812724663336,3.997,0.474,71.343
2.2200788093903734,-3.975399324366524,7.505443861449235,3.997,0.165,83.875
3.9021721304489843,-0.0019747609656769606,8.3473989032227,0.0006,0.0,96.484
