Voltage_measured,Current_measured,Temperature_measured,Current_load,Voltage_load,Time
4.181442655507683,-0.0002323177911492086,4.591253062887671,0.0006,0.0,0.0
4.182309477232018,0.0017708340942048577,4.635014067521692,0.0006,4.197,9.328
3.4917123217247363,-4.028933635471994,4.739927852148427,4.001,1.495,22.312
3.3768597156342137,-4.030556402670416,5.061345001599773,4.001,1.427,34.562
3.1977738903881,-4.033598959723026,5.487001778843585,4.001,1.284,46.765
2.943055151911434,-4.03389585056911,6.024479901318435,4.001,1.062,58.968
2.652292056909526,-4.025268034205929,6.625497590952354,4.001,0.763,71.343
2.376517499451978,-4.024895270439919,7.421547968702783,4.001,0.48,83.875
2.1767041905630014,-4.027112390540772,8.36040279366827,4.001,0.241,96.484
