Voltage_measured,Current_measured,Temperature_measured,Current_load,Voltage_load,Time
4.180767579328009,-0.004189977530541535,3.5053520498482222,0.0006,0.0,0.0
4.181278186068862,-0.0029746030201113173,3.4492204646993723,0.0006,4.197,9.422000000000002
3.49129855725547,-4.029618870618326,3.445726070155866,4.001,1.497,22.438000000000002
3.3736407588036474,-4.029816360101457,3.992678399268014,4.001,1.419,34.641000000000005
3.1871990327429467,-4.031410576609514,4.587514865013878,4.001,1.27,46.875
2.916125398034207,-4.0354552764801035,5.236010976528126,4.001,1.03,59.141
2.6015613065394887,-4.025135455958772,5.954120199878848,4.001,0.721,71.531
2.29456406281248,-4.028389699616103,6.78877534239806,4.001,0.403,84.172
2.082550981383133,-4.027025373087846,7.825436879589506,4.001,0.148,96.906
