Voltage_measured,Current_measured,Temperature_measured,Current_load,Voltage_load,Time
4.180436639610771,-0.0031173953873474924,5.1212840136675215,0.0006,0.0,0.0
4.180985964629633,-0.002155790769271562,5.186495029730057,0.0006,4.197,9.343000000000004
3.4954067559803006,-4.0282319730206915,5.303400985420565,4.001,1.501,22.406
3.379470651312821,-4.0281600334008125,5.591355328584651,4.001,1.427,34.718
3.1961669182884305,-4.031655085975448,6.01247484956007,4.001,1.282,47.015
2.933471257300674,-4.033746345766042,6.5232917531067836,4.001,1.048,59.359
2.6322262672232513,-4.026209612806659,7.165221371019676,4.001,0.741,71.781
2.344792065077028,-4.024095448909118,7.941131112592196,4.001,0.447,84.328
2.144385419639702,-4.026601302804065,8.862063004604039,4.001,0.201,97.015
