Voltage_measured,Current_measured,Temperature_measured,Current_load,Voltage_load,Time
4.191983739835927,-0.0014009229799223065,4.728611915735343,0.0006,0.0,0.0
4.191604724449802,-0.0038575311339575694,4.800096413612358,0.0006,4.206,9.328
3.3763707416657684,-4.026035626345275,5.000450811114606,3.996,1.423,22.312
3.2010206707105073,-4.026323031569571,5.504564997137387,3.996,1.32,34.562
2.783194829393821,-4.026915576815353,6.146095254746027,3.996,1.066,46.765
1.975138784399138,-3.8575815074312234,7.041270740086055,3.996,0.44,58.968
3.8980103960115255,-0.00472642483969393,7.974501617305068,0.0004,0.001,71.343
3.99846999485148,-0.0007934404194198172,8.357382495097825,0.0004,0.001,83.875
4.036489359419967,0.00034295037115677953,8.441835425382303,0.0004,0.001,96.484
