Voltage_measured,Current_measured,Temperature_measured,Current_load,Voltage_load,Time
4.180128549369836,0.0018380871713237175,3.070713111420024,0.0006,0.0,0.0
4.179916601464553,-0.002359971995700814,2.90475616543561,0.0004,4.195,9.422000000000002
3.371557806541978,-3.9891238580259123,3.086968652378301,4.0,1.244,22.438000000000002
3.255163711223945,-3.9894621706746944,4.049190207650407,4.0,1.152,34.641000000000005
3.080376399683779,-3.991169070329535,4.878413129749643,4.001,0.988,46.875
2.811427109962987,-3.9897559956071897,5.779901353565705,4.001,0.726,59.141
2.48420676655347,-3.99341095347209,6.749555157086557,4.0,0.397,71.531
3.899052115538059,-0.0005482742630311002,7.563785322226629,0.0006,0.0,84.172
3.9777626005302595,-0.0008783218745825745,7.890349591233944,0.0006,0.0,96.906
