Voltage_measured,Current_measured,Temperature_measured,Current_load,Voltage_load,Time
4.177509034327151,-0.0004142030105066946,4.563444717869488,0.0006,0.0,0.0
4.177637250505157,-0.0036913267453170515,4.622893212879019,0.0006,4.193,9.328
3.3691113322333877,-3.9895270716190785,4.786253663205826,4.0,1.238,22.312
3.2569650087198476,-3.9901215763529714,5.3579482336576705,4.001,1.149,34.562
3.0906261650480062,-3.986440642499735,6.063908331632724,4.001,0.994,46.765
2.8395460826322076,-3.9912286587220214,6.8422560590148045,4.0,0.749,58.968
2.5366466461777906,-3.9916255830434317,7.64456630978598,4.001,0.444,71.343
3.900441957393828,-0.005857742342468224,8.41144450192671,0.0006,0.002,83.875
3.9774336320798684,2.94281467370658e-05,8.628110902694925,0.0006,0.0,96.484
