Voltage_measured,Current_measured,Temperature_measured,Current_load,Voltage_load,Time
4.178594409188522,-0.0033412176965914283,5.268020681575575,0.0006,0.0,0.0
4.1786173675742635,-0.0008710956340930096,5.3640941641185265,0.0006,4.194,9.343000000000004
3.3855535276657998,-3.991247649871697,5.4930483202813996,4.0,1.262,22.406
3.2728917321154825,-3.991569924612713,6.0288024433929275,4.001,1.172,34.718
3.1045393527314866,-3.9909672229678517,6.713160349106353,4.0,1.015,47.015
2.851631219950836,-3.9895515342156984,7.451856768399346,4.0,0.765,59.359
2.5492794097929745,-3.9896616900087847,8.263265970813752,4.0,0.469,71.781
3.9009076518989043,-0.006518118923365653,9.013994572093448,0.0006,0.001,84.328
3.97832212096772,0.002697596739934985,9.207557697837885,0.0006,0.0,97.015
