Voltage_measured,Current_measured,Temperature_measured,Current_load,Voltage_load,Time
4.190425450437361,-0.0020856055251381954,6.582625875555882,0.0004,0.0,0.0
4.190597056442859,-0.0015391791119224564,6.0725753040326715,0.0006,4.206,9.36
3.8013484699433544,-2.011883291667193,5.839075704114906,1.9976,2.806,23.0
